{"Mean":{"confidence_interval":{"confidence_level":0.95,"lower_bound":53257.9236948583,"upper_bound":59929.121023405925},"point_estimate":56105.60556245641,"standard_error":1729.9245727039229},"Median":{"confidence_interval":{"confidence_level":0.95,"lower_bound":51341.92473118279,"upper_bound":53094.41544566545},"point_estimate":52187.950489117415,"standard_error":449.6914727489253},"MedianAbsDev":{"confidence_interval":{"confidence_level":0.95,"lower_bound":2282.264653179182,"upper_bound":4012.7140583153214},"point_estimate":2892.2289634387494,"standard_error":445.3488671968618},"Slope":{"confidence_interval":{"confidence_level":0.95,"lower_bound":51365.37063483448,"upper_bound":52434.70103161824},"point_estimate":51896.418175600076,"standard_error":272.5289957536626},"StdDev":{"confidence_interval":{"confidence_level":0.95,"lower_bound":5623.99895525045,"upper_bound":27157.03579073826},"point_estimate":17422.942046706943,"standard_error":5837.731911633889}}