{"Mean":{"confidence_interval":{"confidence_level":0.95,"lower_bound":7524.810499026842,"upper_bound":7587.002939105737},"point_estimate":7554.6609586731565,"standard_error":15.858014781995948},"Median":{"confidence_interval":{"confidence_level":0.95,"lower_bound":7496.352765583845,"upper_bound":7541.691440872561},"point_estimate":7515.774964463397,"standard_error":13.000160021538386},"MedianAbsDev":{"confidence_interval":{"confidence_level":0.95,"lower_bound":91.14911885621042,"upper_bound":155.09557617933896},"point_estimate":114.42246562071848,"standard_error":15.296347978988802},"Slope":{"confidence_interval":{"confidence_level":0.95,"lower_bound":7468.548123585287,"upper_bound":7504.777330925697},"point_estimate":7485.920753525119,"standard_error":9.259610961109294},"StdDev":{"confidence_interval":{"confidence_level":0.95,"lower_bound":125.39784314764847,"upper_bound":189.9146056974129},"point_estimate":159.13039308828948,"standard_error":16.505424497767148}}