{"Mean":{"confidence_interval":{"confidence_level":0.95,"lower_bound":0.0029063486007697963,"upper_bound":0.0605381458399079},"point_estimate":0.03222741555956765,"standard_error":0.01455416995462919},"Median":{"confidence_interval":{"confidence_level":0.95,"lower_bound":0.027769990926344024,"upper_bound":0.050088656084561256},"point_estimate":0.036491660353516586,"standard_error":0.006067228233957673}}