{"Mean":{"confidence_interval":{"confidence_level":0.95,"lower_bound":67070.41352827875,"upper_bound":69527.05264056224},"point_estimate":68169.86864089355,"standard_error":630.6667207941742},"Median":{"confidence_interval":{"confidence_level":0.95,"lower_bound":66172.10177226407,"upper_bound":67292.49565217391},"point_estimate":66640.59913419913,"standard_error":331.11806018052465},"MedianAbsDev":{"confidence_interval":{"confidence_level":0.95,"lower_bound":2114.338962046679,"upper_bound":3350.4205332302467},"point_estimate":2875.000628910692,"standard_error":319.79526580011844},"Slope":{"confidence_interval":{"confidence_level":0.95,"lower_bound":65561.16118414489,"upper_bound":66490.55926440303},"point_estimate":66024.64597586326,"standard_error":237.80628076008043},"StdDev":{"confidence_interval":{"confidence_level":0.95,"lower_bound":3254.553021160363,"upper_bound":9348.692394251671},"point_estimate":6355.806554666404,"standard_error":1665.545710964315}}