{"Mean":{"confidence_interval":{"confidence_level":0.95,"lower_bound":-0.019286122462939845,"upper_bound":0.054423749108578036},"point_estimate":0.014196244180259887,"standard_error":0.01853281984096496},"Median":{"confidence_interval":{"confidence_level":0.95,"lower_bound":-0.0002922910928896405,"upper_bound":0.018758422470940506},"point_estimate":0.010695021911728775,"standard_error":0.005416224105330447}}