{"Mean":{"confidence_interval":{"confidence_level":0.95,"lower_bound":-0.13933031588736697,"upper_bound":0.16063747649138843},"point_estimate":-0.0014623557004229681,"standard_error":0.07674776064371838},"Median":{"confidence_interval":{"confidence_level":0.95,"lower_bound":-0.028135858122263935,"upper_bound":0.025274401360863008},"point_estimate":-0.007470832033776298,"standard_error":0.013588559404955361}}