{"Mean":{"confidence_interval":{"confidence_level":0.95,"lower_bound":3.7170578000513927,"upper_bound":3.7549371777188836},"point_estimate":3.7350340885808406,"standard_error":0.009697177331436583},"Median":{"confidence_interval":{"confidence_level":0.95,"lower_bound":3.688703418172796,"upper_bound":3.726490379781567},"point_estimate":3.702021279546037,"standard_error":0.009847289228098733},"MedianAbsDev":{"confidence_interval":{"confidence_level":0.95,"lower_bound":0.04316108841655891,"upper_bound":0.08112782268847048},"point_estimate":0.05800231451773996,"standard_error":0.010655086167353426},"Slope":{"confidence_interval":{"confidence_level":0.95,"lower_bound":3.6912551315232376,"upper_bound":3.717836333668885},"point_estimate":3.7032765330716866,"standard_error":0.006777215732349047},"StdDev":{"confidence_interval":{"confidence_level":0.95,"lower_bound":0.06824705363910785,"upper_bound":0.12771902623671785},"point_estimate":0.0973286549453325,"standard_error":0.015660556167517676}}