{"Mean":{"confidence_interval":{"confidence_level":0.95,"lower_bound":-0.07102292674382586,"upper_bound":0.10528338131484162},"point_estimate":0.012216049711280652,"standard_error":0.04480984065752894},"Median":{"confidence_interval":{"confidence_level":0.95,"lower_bound":0.010247977213530879,"upper_bound":0.05488760141998128},"point_estimate":0.03508521717302204,"standard_error":0.011358342371317543}}