{"Mean":{"confidence_interval":{"confidence_level":0.95,"lower_bound":-0.02175199579345718,"upper_bound":0.01760691799923642},"point_estimate":-0.0020189102171649376,"standard_error":0.01000878460819166},"Median":{"confidence_interval":{"confidence_level":0.95,"lower_bound":-0.033395625790950345,"upper_bound":0.010188801017942728},"point_estimate":-0.013510244161329732,"standard_error":0.010634207065700008}}