{"Mean":{"confidence_interval":{"confidence_level":0.95,"lower_bound":-0.8380670408526124,"upper_bound":-0.8358942050590072},"point_estimate":-0.8370053850781021,"standard_error":0.0005523960810689752},"Median":{"confidence_interval":{"confidence_level":0.95,"lower_bound":-0.8388370507458845,"upper_bound":-0.8370088721513366},"point_estimate":-0.8379824081505399,"standard_error":0.00045396681293569536}}