{"Mean":{"confidence_interval":{"confidence_level":0.95,"lower_bound":20.205125473572636,"upper_bound":20.370764370957083},"point_estimate":20.285382939865343,"standard_error":0.04223460764149529},"Median":{"confidence_interval":{"confidence_level":0.95,"lower_bound":20.153666269421898,"upper_bound":20.328221340051897},"point_estimate":20.23679639364317,"standard_error":0.04639670531160476},"MedianAbsDev":{"confidence_interval":{"confidence_level":0.95,"lower_bound":0.24944988857482675,"upper_bound":0.42411324695474745},"point_estimate":0.31156593578396713,"standard_error":0.04511566793578246},"Slope":{"confidence_interval":{"confidence_level":0.95,"lower_bound":20.192162714185493,"upper_bound":20.316275366848902},"point_estimate":20.25355964536837,"standard_error":0.03161962919728088},"StdDev":{"confidence_interval":{"confidence_level":0.95,"lower_bound":0.3243840190478144,"upper_bound":0.5204286064581379},"point_estimate":0.42408287616712986,"standard_error":0.05049910049525011}}