{"Mean":{"confidence_interval":{"confidence_level":0.95,"lower_bound":52917.17882731662,"upper_bound":54941.97566684783},"point_estimate":53791.89226937843,"standard_error":523.0436600641194},"Median":{"confidence_interval":{"confidence_level":0.95,"lower_bound":52092.87396121884,"upper_bound":53076.621212121216},"point_estimate":52431.451664876484,"standard_error":268.98372512296135},"MedianAbsDev":{"confidence_interval":{"confidence_level":0.95,"lower_bound":1214.8563896863027,"upper_bound":2219.2272934944813},"point_estimate":1729.474278161352,"standard_error":268.2240708207254},"Slope":{"confidence_interval":{"confidence_level":0.95,"lower_bound":51706.46557769853,"upper_bound":52271.86831745187},"point_estimate":51985.68516858127,"standard_error":144.44632521755318},"StdDev":{"confidence_interval":{"confidence_level":0.95,"lower_bound":2284.3052362383264,"upper_bound":8085.396793016795},"point_estimate":5281.712492551501,"standard_error":1649.2412815762902}}