{"Mean":{"confidence_interval":{"confidence_level":0.95,"lower_bound":3554.674252590763,"upper_bound":4409.15893230559},"point_estimate":3910.0407520748836,"standard_error":221.2040119891646},"Median":{"confidence_interval":{"confidence_level":0.95,"lower_bound":3281.580297304107,"upper_bound":3387.8615332657887},"point_estimate":3309.238978940356,"standard_error":33.258632687995394},"MedianAbsDev":{"confidence_interval":{"confidence_level":0.95,"lower_bound":130.258607327349,"upper_bound":296.9808613270817},"point_estimate":197.20012028619092,"standard_error":44.08377958991638},"Slope":{"confidence_interval":{"confidence_level":0.95,"lower_bound":3227.7381607792613,"upper_bound":3276.054121054578},"point_estimate":3249.3062897769523,"standard_error":12.332317451687608},"StdDev":{"confidence_interval":{"confidence_level":0.95,"lower_bound":703.4802711424702,"upper_bound":3526.8596137342056},"point_estimate":2224.779231600026,"standard_error":795.4486215834488}}