{"Mean":{"confidence_interval":{"confidence_level":0.95,"lower_bound":-0.026996245057312004,"upper_bound":0.026057512024254763},"point_estimate":-0.001058592883287357,"standard_error":0.013447332518049037},"Median":{"confidence_interval":{"confidence_level":0.95,"lower_bound":-0.010105880285846136,"upper_bound":0.012610331947993991},"point_estimate":-0.0015934483662619625,"standard_error":0.005998905874572116}}