{"Mean":{"confidence_interval":{"confidence_level":0.95,"lower_bound":12376.671722736095,"upper_bound":13094.171191042942},"point_estimate":12681.296489071578,"standard_error":186.28422002822404},"Median":{"confidence_interval":{"confidence_level":0.95,"lower_bound":12203.787457420207,"upper_bound":12400.968253968254},"point_estimate":12325.414035009246,"standard_error":61.05834950978453},"MedianAbsDev":{"confidence_interval":{"confidence_level":0.95,"lower_bound":353.77165729500575,"upper_bound":660.3659465332904},"point_estimate":516.1459899704148,"standard_error":81.98125815059694},"Slope":{"confidence_interval":{"confidence_level":0.95,"lower_bound":12289.339891856313,"upper_bound":12472.106846059662},"point_estimate":12381.568898193302,"standard_error":46.63092549892735},"StdDev":{"confidence_interval":{"confidence_level":0.95,"lower_bound":478.4899978111637,"upper_bound":2896.5656129295503},"point_estimate":1872.4678132841948,"standard_error":637.4034264037823}}